<?xml version="1.0" encoding="UTF-8"?>
<!-- beans:붙여줘야함 주의 -->
<beans:beans xmlns="http://www.springframework.org/schema/mvc"
	xmlns:xsi="http://www.w3.org/2001/XMLSchema-instance" xmlns:beans="http://www.springframework.org/schema/beans"
	xmlns:context="http://www.springframework.org/schema/context"
	xsi:schemaLocation="http://www.springframework.org/schema/mvc http://www.springframework.org/schema/mvc/spring-mvc.xsd
  http://www.springframework.org/schema/beans http://www.springframework.org/schema/beans/spring-beans.xsd
  http://www.springframework.org/schema/context http://www.springframework.org/schema/context/spring-context.xsd">

	<!-- packge명(-controller) 정확히 적어야 -->
	<context:component-scan base-package="or.clearn" />
	<!-- 객체로 만들 페키지 -->
	<annotation-driven />
	<resources location="/resources/" mapping="/resources/**" />
 	
	<!-- mapping으로 들어온 요청에 대해 location으로 매핑시켜 준다 -->
 
	<beans:bean
		class="org.springframework.web.servlet.view.InternalResourceViewResolver">
		<beans:property name="prefix" value="/WEB-INF/jsp/" />
		<beans:property name="suffix" value=".jsp" />
		<!-- 디스패쳐 서블릿에서 온 view 명에 .jsp를 붙이고 다시 DispatcherServlet으로 보낸다 -->
	</beans:bean>

	<!-- Mybatis설정 -->
	<!-- <beans:bean id="factoryBean" class="org.mybatis.spring.SqlSessionFactoryBean"> -->
	<!-- <beans:property name="dataSource" ref="dataSource" /> -->
	<!-- <beans:property name="configLocation" value="classpath:config/config.xml" 
		/> -->
	<!-- <beans:property name="mapperLocations" value="classpath*:sqlMap/*.xml" 
		/> -->
	<!-- </beans:bean> -->

	<!-- Spring에 제공하는 MyBatis Template를 설정 -->
	<!-- <beans:bean id="ss" class="org.mybatis.spring.SqlSessionTemplate"> -->
	<!-- <beans:constructor-arg ref="factoryBean" /> -->
	<!-- </beans:bean> -->
	<!-- <context:component-scan base-package="or.kosta.spring" /> -->
 
	<!-- UrlBasedViewResolver를 사용해서 InternalResourceViewResolver0 보다 먼저 처리해서 
		타일즈 설정을 실행하기 위한 resolver -->

	<beans:bean id="mailSender" class="org.springframework.mail.javamail.JavaMailSenderImpl">
		<beans:property name="host" value="smtp.gmail.com" />
		<beans:property name="port" value="587" />
		<beans:property name="username" value="seungyongkim0327@gmail.com" />
		<beans:property name="password" value="tmddyd123" />
		<beans:property name="defaultEncoding" value="UTF-8" />
		<beans:property name="javaMailProperties">
			<beans:props>
				<beans:prop key="mail.smtp.auth">true</beans:prop>
				<beans:prop key="mail.smtp.starttls.enable">true</beans:prop>
				<beans:prop key="mail.smtp.timeout">8500</beans:prop>
				<beans:prop key="mail.debug">true</beans:prop>
			</beans:props>
		</beans:property>
	</beans:bean>
	<!-- <beans:bean id="multipartResolver" -->
	<!-- class="org.springframework.web.multipart.commons.CommonsMultipartResolver" 
		/> -->
</beans:beans>