<?xml version="1.0" encoding="UTF-8"?>
<beans xmlns="http://www.springframework.org/schema/beans"
	xmlns:xsi="http://www.w3.org/2001/XMLSchema-instance" xmlns:context="http://www.springframework.org/schema/context"
	xmlns:mvc="http://www.springframework.org/schema/mvc" xmlns:websocket="http://www.springframework.org/schema/websocket"
	xmlns:tx="http://www.springframework.org/schema/tx" xmlns:util="http://www.springframework.org/schema/util"
	xsi:schemaLocation="http://www.springframework.org/schema/websocket http://www.springframework.org/schema/websocket/spring-websocket-4.2.xsd
		http://www.springframework.org/schema/mvc http://www.springframework.org/schema/mvc/spring-mvc-4.2.xsd
		http://www.springframework.org/schema/beans http://www.springframework.org/schema/beans/spring-beans.xsd
		http://www.springframework.org/schema/context http://www.springframework.org/schema/context/spring-context-4.2.xsd
		http://www.springframework.org/schema/tx http://www.springframework.org/schema/tx/spring-tx-4.2.xsd
		http://www.springframework.org/schema/util http://www.springframework.org/schema/util/spring-util-4.2.xsd">
	<context:component-scan base-package="or.clearn" />
	<mvc:annotation-driven />
	<mvc:resources location="/resources/" mapping="/resources/**" />
	<util:properties location="classpath:or/properties/*.properties"
		id="props" />

	
	<!-- <bean id="mysocketHandler" class="or.clearn.handler.MySocketHandler" 
		/> -->

	<!-- <websocket:handlers> <websocket:mapping handler="mysocketHandler" path="/websocket/echo" 
		/> </websocket:handlers> -->

	<bean id="factoryBean" class="org.mybatis.spring.SqlSessionFactoryBean">
		<property name="dataSource" ref="dataSource" />
		<property name="configLocation" value="classpath:or/config/config.xml" />
		<property name="mapperLocations" value="classpath*:or/mapper/*.xml" />
	</bean>
	<bean id="ss" class="org.mybatis.spring.SqlSessionTemplate">
		<constructor-arg ref="factoryBean" />
	</bean>

	<bean id="viewResolver"
		class="org.springframework.web.servlet.view.InternalResourceViewResolver">
		<property name="prefix" value="/WEB-INF/jsp/" />
		<property name="suffix" value=".jsp" />
		<property name="order" value="1"/>
	</bean>

	<bean id="tilesViewResolver"
		class="org.springframework.web.servlet.view.UrlBasedViewResolver">
		<property name="viewClass"
			value="org.springframework.web.servlet.view.tiles3.TilesView" />
		<property name="order" value="0" />
	</bean>
	
	
	

	<bean id="tilesConfigurer"
		class="org.springframework.web.servlet.view.tiles3.TilesConfigurer">
		<property name="definitions">
			<list> 
				<value>/WEB-INF/tiles/tiles-definitions.xml</value>
			</list>
		</property> 
	</bean> 
	<bean name="jsonViewResolver"
		class="org.springframework.web.servlet.view.BeanNameViewResolver">
	</bean>
	<bean name="jsonTemplate"
		class="org.springframework.web.servlet.view.json.MappingJackson2JsonView">
	</bean>
	<bean id="multipartResolver"
		class="org.springframework.web.multipart.commons.CommonsMultipartResolver"></bean>
	<bean id="mailSender" class="org.springframework.mail.javamail.JavaMailSenderImpl">
		<property name="host" value="smtp.gmail.com" />
		<property name="port" value="587" />
		<property name="username" value="seungyongkim0327@gmail.com" />
		<property name="password" value="tmddyd123" />
		<property name="defaultEncoding" value="UTF-8" />
		<property name="javaMailProperties">
			<props>
				<prop key="mail.smtp.auth">true</prop>
				<prop key="mail.smtp.starttls.enable">true</prop>
				<prop key="mail.smtp.timeout">8500</prop>
				<prop key="mail.debug">true</prop>
			</props>
		</property>
	</bean>
	<bean id="tm"
		class="org.springframework.jdbc.datasource.DataSourceTransactionManager">
		<property name="dataSource" ref="dataSource"></property>
	</bean>
	<tx:annotation-driven transaction-manager="tm" />


</beans>