<?xml version="1.0" encoding="UTF-8"?>
<beans:beans xmlns:beans="http://www.springframework.org/schema/beans"
	xmlns:xsi="http://www.w3.org/2001/XMLSchema-instance"
	xsi:schemaLocation="http://www.springframework.org/schema/beans http://www.springframework.org/schema/beans/spring-beans.xsd">

	<!-- <beans:bean id="roleVoter"
		class="org.springframework.security.access.vote.RoleVoter">
		<beans:property name="rolePrefix" value="" />
	</beans:bean> -->

	<!-- <beans:bean id="accessDecisionManager"
		class="org.springframework.security.access.vote.AffirmativeBased">
		<beans:constructor-arg name="decisionVoters"
			ref="roleVoter" />
	</beans:bean> -->
	
	<beans:bean id="dataSource" 
		class="org.springframework.jndi.JndiObjectFactoryBean">
		<beans:property name="jndiName" value="java:comp/env/jdbc/myora" />
	</beans:bean>
	
<!-- 	<authentication-manager id="in-memory-auth">
		<authentication-provider>
			<jdbc-user-service data-source-ref="dataSource"
				users-by-username-query="select username, password, enabled from Employees where username = ?"
				authorities-by-username-query="select username, role from Roles where username = ?" />
		</authentication-provider>
	</authentication-manager> -->
	
<!-- 	<http authentication-manager-ref="in-memory-auth"
		access-decision-manager-ref="accessDecisionManager">
		<intercept-url pattern="/admin/**" access="Admin" />
		<intercept-url pattern="/user/**" access="User" />
		<form-login login-page="/login" authentication-failure-url="/fail"
			username-parameter="userid" password-parameter="password"
			default-target-url="/home" />
		<logout invalidate-session="true" logout-success-url="/login"
			logout-url="/j_spring_security_logout" />
		<access-denied-handler error-page="/fail" />
		<session-management invalid-session-url="/login">
			<concurrency-control max-sessions="1"
				expired-url="/login" />
		</session-management>
	</http> -->
</beans:beans>