<?xml version="1.0" encoding="UTF-8"?>
<!DOCTYPE mapper
    PUBLIC "-//mybatis.org//DTD Mapper 3.0//EN"
    "http://mybatis.org/dtd/mybatis-3-mapper.dtd">
<mapper namespace="child">
	<insert id="add" parameterType="childvo">
		insert into child
		values(child_seq.nextVal,
		#{c_name},#{c_age},#{c_gender},#{c_img},sysdate,1)
	</insert>
	<select id="childlist" resultType="searchchildvo" parameterType="searchchildvo">
		select c.c_num c_num, p.p_name p_name, c.c_name c_name, c.c_age c_age,
		c.c_birth c_birth from (select
		c_num, c_name, c_age,
		to_char(c_birth,'mm-dd') c_birth, rownum r from(select c_num, c_name,
		c_age, c_birth from child order by 1 desc)) c, parent p
		where (r
		between #{start} and #{end} ) and c.c_num = p.p_num order by 1
		desc
	</select>
	<!-- 자녀의 모든 목록 수 -->
	<select id="childlisttotal" resultType="int">
		select count(*) cnt from
		child
	</select>
	<!-- 자녀의 모든 목록 검색 -->
	<select id="childlistsearch" resultType="searchchildvo"
		parameterType="searchchildvo">
		select c.c_num c_num, p.p_name p_name, c.c_name c_name, c.c_age c_age,
		c.c_birth c_birth from (select
		c_num, c_name, c_age,
		to_char(c_birth,'mm-dd') c_birth, rownum r from(select c_num, c_name,
		c_age, c_birth from child
		<if test="searchValue != null">
			<where>
				<choose>
					<when test="searchType == 0"></when>
					<when test="searchType == 1">
						c_name like '%' || #{searchValue} || '%'
					</when>
					<when test="searchType == 2">
						c_age like '%' || #{searchValue} || '%'
					</when>
					<otherwise></otherwise>
				</choose>
			</where>
		</if>
		order by 1 desc)) c, parent p
		where (r between #{start} and #{end} )
		and c.c_num = p.p_num order by 1
		desc
	</select>
	<!-- 자녀의 모든 목록 수 검색 -->
	<select id="childlisttotalsearch" resultType="int"
		parameterType="searchchildvo">
		select count(*) cnt from(select c_num,
		c_name, c_age,
		to_char(c_birth,'mm-dd') c_birth, rownum r
		from(select * from child
		<if test="searchValue != null">
			<where>
				<choose>
					<when test="searchType == 1">
						c_name like '%' || #{searchValue} || '%'
					</when>
					<when test="searchType == 2">
						c_age like '%' || #{searchValue} || '%'
					</when>
					<otherwise></otherwise>
				</choose>
			</where>
		</if>
		order by 1 desc))
	</select>
	<!-- 자녀의 상세페이지 -->
	<select id="childdetailadmin" resultType="searchchildvo"
		parameterType="int">
		select c_name, c_age, c_gender, c_pic, to_char(c_birth,
		'mm-dd')c_birth from child where c_num = #{c_num}
	</select>
	<!-- 자녀 탈퇴 -->
	<delete id="childdeleteadmin" parameterType="int">
		delete from child
		where c_num = #{c_num}
	</delete>
</mapper>