<?xml version="1.0" encoding="UTF-8" ?>
<!DOCTYPE mapper
  PUBLIC "-//mybatis.org//DTD Mapper 3.0//EN"
  "http://mybatis.org/dtd/mybatis-3-mapper.dtd">
<mapper namespace="login">
	<select id="userChk" parameterType="parentvo" resultType="int">
		select count(*) cnt from parent where p_id=#{p_id} and p_pw=#{p_pw}
	</select>
	<select id="adminChk" parameterType="adminvo" resultType="int">
		select count(*) cnt from admin where a_id=#{a_id} and a_pwd=#{a_pwd}
	</select>
	<select id="adminNick" parameterType="String" resultType="String">
		select a_nickname from admin where a_id=#{a_id}
	</select>
	<select id="checkid" parameterType="parentvo" resultType="int">
		select count(*) cnt from parent where p_name=#{p_name} and p_mail=#{p_mail}
	</select>
	<select id="checkpwd" parameterType="parentvo" resultType="int">
		select count(*) cnt from parent where p_id=#{p_id} and p_name=#{p_name} and p_mail=#{p_mail}
	</select>
	<update id="newpwd" parameterType="parentvo">
		update parent set p_pw = #{p_pw} where p_id = #{p_id}
	</update>
	<select id="yourid" parameterType="String" resultType="String">
		select p_id from parent where p_mail=#{p_mail}
	</select>
	<select id="getAdminNum" parameterType="String" resultType="int">
		select a_num from admin where a_id=#{a_id}
	</select>
	
	<select id="getParent" parameterType="String" resultType="parentvo">
		select * from parent where p_id=#{p_id}
	</select>
</mapper>