<?xml version="1.0" encoding="UTF-8"?>
<!DOCTYPE mapper
    PUBLIC "-//mybatis.org//DTD Mapper 3.0//EN"
    "http://mybatis.org/dtd/mybatis-3-mapper.dtd">
<mapper namespace="notice">
	<!-- 공지사항 등록 -->
	<insert id="noticeAdd" parameterType="searchnoticevo">
		insert into notice
		values(notice_seq.nextVal,
		#{n_sub}, #{n_cont}, 0, #{n_fix}, sysdate)
	</insert>
	<!-- 고정된 공지사항 리스트 -->
	<select id="noticeListFix" resultType="searchnoticevo">
		<![CDATA[select n_num, n_sub, n_hit, n_date,n_fix from (
   select n_num, n_sub, n_hit, to_char(n_date,'yyyy-mm-dd') n_date,n_fix, rownum r from
   (select n_num, n_sub, n_hit, n_date, n_fix from notice order by n_date desc)) where n_fix = 1 and rownum <= 5]]>
	</select>
	<!-- 모든 공지사항 목록 -->
	<select id="noticeList" resultType="searchnoticevo"
		parameterType="searchnoticevo">
		select *
		from (select n_num, n_sub, n_hit,
		to_char(n_date,'yyyy-mm-dd')
		n_date,
		n_fix, rownum r from(select * from
		notice order by 1 desc) )
		where r
		between #{start} and #{end} order by 1
		desc
	</select>
	<!-- 모든 공지사항 목록 카운트 -->
	<select id="noticeListTotal" resultType="int">
		select count(*) cnt from
		notice
	</select>
	<!-- 모든 공지사항 목록 검색 -->
	<select id="noticeListSearch" resultType="searchnoticevo"
		parameterType="searchnoticevo">
		select *
		from (select n_num, n_sub, n_hit,
		to_char(n_date,'yyyy-mm-dd')
		n_date,
		n_fix, rownum r from(select * from
		notice
		<if test="searchValue != null">
			<where>
				<choose>
					<when test="searchType == 0"></when>
					<when test="searchType == 1">
						n_sub like '%' || #{searchValue} || '%'
					</when>
					<when test="searchType == 2">
						n_cont like '%' || #{searchValue} || '%'
					</when>
					<otherwise></otherwise>
				</choose>
			</where>
		</if>
		order by 1 desc))
		where r
		between #{start} and #{end} order by 1 desc
	</select>
	<!-- 모든 공지사항 목록 검색 카운트 -->
	<select id="noticeListSearchTotal" resultType="int"
		parameterType="searchnoticevo">
		select count(*) cnt
		from (select n_num, n_sub, n_hit,
		to_char(n_date,'yyyy-mm-dd')
		n_date,
		n_fix, rownum r from(select * from
		notice
		<if test="searchValue != null">
			<where>
				<choose>
					<when test="searchType == 0"></when>
					<when test="searchType == 1">
						n_sub like '%' || #{searchValue} || '%'
					</when>
					<when test="searchType == 2">
						n_cont like '%' || #{searchValue} || '%'
					</when>
					<otherwise></otherwise>
				</choose>
			</where>
		</if>
		order by 1 desc))
	</select>
	<!-- 공지사항 상세페이지 -->
	<select id="noticeDetail" resultType="searchnoticevo" parameterType="int">
		select n_sub, n_cont, n_date, n_hit from notice where n_num = #{n_num}
	</select>
	<!-- 공지사항 조회수 증가 -->
	<update id="noticeUpdateHit" parameterType="int">
		update notice set n_hit = n_hit + 1 where n_num = #{n_num}
	</update>
	<!-- 공지사항 내용 수정 -->
	<update id="noticeUpdate" parameterType="searchnoticevo">
		update notice set n_sub = #{n_sub}, n_cont = #{n_cont}, n_fix = #{n_fix} where n_num = #{n_num}
	</update>
	<!-- 공지사항 삭제 -->
	<delete id="noticeDelete" parameterType="int">
		delete from notice where n_num = #{n_num}
	</delete>
</mapper>