<?xml version="1.0" encoding="UTF-8"?>
<!DOCTYPE mapper
    PUBLIC "-//mybatis.org//DTD Mapper 3.0//EN"
    "http://mybatis.org/dtd/mybatis-3-mapper.dtd">
<mapper namespace="parent">
	<insert id="add" parameterType="parentvo">
		insert into parent
		values(parent_seq.nextVal,#{p_id},#{p_pw},#{p_mail},#{p_phone},#{p_name},#{p_addr},#{p_pic},sysdate,#{p_nickname},1,#{p_id},null, null, null)
	</insert>
	<select id="nickname" parameterType="String" resultType="int">
		select
		count(*) cnt from parent where p_nickname=#{p_nickname}
	</select>

	<select id="check" parameterType="String" resultType="int">
		select
		count(*) cnt from parent where p_id=#{p_id}
	</select>

	<select id="loginChk" parameterType="parentvo" resultType="int">
		select
		count(*) cnt from parent where p_id=#{p_id} and p_pw=#{p_pw}
	</select>
	<select id="parentdetail" parameterType="int" resultType="parentvo">
		select
		* from parent where p_num=#{p_num}
	</select>
	 <update id="parentupdate" parameterType="parentvo">
		update parent set p_name=#{p_name},p_pw=#{p_pw},p_nickname=#{p_nickname},
		p_mail=#{p_mail},p_addr=#{p_addr},
		p_phone=#{p_phone},p_pic=#{p_pic}
		where p_num=#{p_num}
	</update>
	<select id="getdeletefile" parameterType="int" resultType="String">
		select p_pic from parent where p_num = #{p_num}
	</select>
	<select id="parentlist" resultType="searchparentvo"
		parameterType="searchparentvo">
		select * from (select p_num, p_id, p_mail,p_phone,
		p_name, p_addr,
		to_char(p_date,'yyyy-mm-dd') p_date, p_nickname,rownum
		r from(select *
		from parent order by 1 desc)) where
		r between #{start}
		and #{end} order by 1 desc
	</select>
	<!-- 부모의 모든 목록 수 -->
	<select id="parentlisttotal" resultType="int">
		select count(*) cnt from
		parent
	</select>
	<!-- 부모의 모든 목록 검색 -->
	<select id="parentlistsearch" resultType="searchparentvo"
		parameterType="searchparentvo">
		select * from (select p_num, p_id, p_mail,p_phone, p_name, p_addr,
		to_char(p_date,'yyyy-mm-dd') p_date, p_nickname,rownum r
		from(select *
		from parent
		<if test="searchValue != null">
			<where>
				<choose>
					<when test="searchType == 0"></when>
					<when test="searchType == 1">
						p_id like '%' || #{searchValue} || '%'
					</when>
					<when test="searchType == 2">
						p_name like '%' || #{searchValue} || '%'
					</when>
					<when test="searchType == 3">
						p_phone like '%' || #{searchValue} || '%'
					</when>
					<otherwise></otherwise>
				</choose>
			</where>
		</if>
		order by 1 desc))
		where r
		between #{start} and #{end} order by 1 desc
	</select>
	<!-- 부모의 모든 목록 수 검색 -->
	<select id="parentlisttotalsearch" resultType="int" parameterType="searchparentvo">
		select * from (select p_num, p_id, p_mail,p_phone, p_name, p_addr,
		to_char(p_date,'yyyy-mm-dd') p_date, p_nickname,rownum r
		from(select *
		from parent
		<if test="searchValue != null">
			<where>
				<choose>
					<when test="searchType == 0"></when>
					<when test="searchType == 1">
						p_id like '%' || #{searchValue} || '%'
					</when>
					<when test="searchType == 2">
						p_name like '%' || #{searchValue} || '%'
					</when>
					<when test="searchType == 3">
						p_phone like '%' || #{searchValue} || '%'
					</when>
					<otherwise></otherwise>
				</choose>
			</where>
		</if>
		order by 1 desc))
	</select>
	<!-- 부모의 상세페이지 -->
	<select id="parentdetailadmin" resultType="searchparentvo" parameterType="int">
		select p_id, p_pw, p_mail, p_phone, p_name, p_addr, p_pic, p_nickname, to_char(p_date, 'yyyy-mm-dd') p_date from parent where p_num = #{p_num}
	</select>
</mapper>