<?xml version="1.0" encoding="UTF-8"?>
<!DOCTYPE mapper
    PUBLIC "-//mybatis.org//DTD Mapper 3.0//EN"
    "http://mybatis.org/dtd/mybatis-3-mapper.dtd">
<mapper namespace="register">
	<select resultType="registeraddlistvo" parameterType="int"
		id="registerAddList">
		select
		ct.ct_sub ct_sub, count(ch.ch_num) cnt, ct.ct_period
		ct_period, ct.ct_num ct_num,
		ct.ct_star ct_star, ct.ct_hit ct_hit from (select ct_num,
		ct_sub,ct_period,ct_star,ct_hit ,rownum r from (select * from content
		where
		cc_num = #{cc_num} order by 1 desc)) ct,

		chapter ch where
		ct.ct_num = ch.ct_num(+)
		group by ct.ct_sub,
		ct.ct_period, ct.ct_star , ct.ct_num,
		ct.ct_hit order by 1
		desc
	</select>
	<select id="registerClassList" resultType="registerclasslistvo"
		parameterType="int">
		select ch.ch_num ch_num, ch.ch_sub ch_sub, ch.ch_time
		ch_time, cl.cl_done
		cl_done,
		cl.cl_date cl_date from (select ch_num,
		cl_done, cl_date , rownum r from(select
		* from
		myclass where ct_num =
		#{ct_num} order by 1 desc)) cl , chapter ch where
		cl.ch_num = ch.ch_num
		group by ch.ch_num,ch.ch_sub,
		ch.ch_time,cl.cl_done,cl.cl_date order by
		1 asc
	</select>
	
	<select id="registerDoginList" resultType="registerdoingvo" parameterType="registerdoingvo">
		select distinct cc.cc_name cc_name, ct.ct_sub ct_sub, round(cl.cl_end - sysdate) finish_date, cl.p_num, cl.ct_num
    from cont_cate cc, content ct, myclass cl where p_num = #{p_num} and ct.ct_num=#{ct_num} and ct.cc_num=cc.cc_num and ct.ct_num=cl.ct_num
    and cl_end > sysdate
	</select>
	
	<select id="get_cntchnum" parameterType="registerdoingvo" resultType="int">
		select count(ch_num) cnt from myclass where p_num = #{p_num} and ct_num = #{ct_num}
	</select>
	<select id="get_cntcldone" parameterType="registerdoingvo" resultType="int">
		select count(ch_num) cnt from myclass where p_num = #{p_num} and ct_num = #{ct_num} and cl_done=1
	</select>
	<select id="getct_list" parameterType="int" resultType="java.lang.Integer">
		select ct_num from myclass where p_num = #{p_num} and cl_end > sysdate group by ct_num
	</select>
	<select id="getChapList" parameterType="registerdoingvo" resultType="registerdoingvo">
		select v.v_num v_num, cl.p_num p_num, cl.ct_num ct_num, cl.ch_num ch_num, cl.cl_done cl_done, cl.cl_date cl_date, cl.cl_dostar cl_dostar,
    ch.ch_sub ch_sub 
    from myclass cl, chapter ch, video v where cl.p_num = #{p_num} and cl.ct_num = #{ct_num} and cl.ch_num=ch.ch_num and v.ch_num=ch.ch_num order by ch.ch_num
	</select>
	<select id="registerDoneList" parameterType="registerdonevo" resultType="registerdonevo">
		select distinct cc.cc_name cc_name, ct.ct_sub ct_sub, cl.p_num p_num, cl.ct_num, cl.cl_dostar, round(ct.ct_star, 1) ct_star
		from cont_cate cc, content ct, myclass cl
    where p_num = #{p_num} and ct.cc_num=cc.cc_num and ct.ct_num = cl.ct_num and cl.cl_end <![CDATA[ < ]]> sysdate
	</select>

	<select id="get_cntchnum_done" parameterType="registerdonevo"
		resultType="int">
		select count(ch_num) cnt_ch_num from myclass where p_num =
		#{p_num} and ct_num = #{ct_num}
	</select>
	<select id="get_cntcldone_done" parameterType="registerdonevo"
		resultType="int">
		select count(ch_num) cnt_cl_done from myclass where p_num =
		#{p_num} and ct_num = #{ct_num} and cl_done=1
	</select>
	<select id="getct_list_done" parameterType="int" resultType="java.lang.Integer">
		select
		ct_num from myclass where p_num = #{p_num} and cl_end <![CDATA[ < ]]> sysdate group by ct_num
	</select>
	<update id="dostarUpdate" parameterType="dostarvo">
		<![CDATA[update myclass set cl_dostar=1 where p_num = #{p_num} and ct_num = #{ct_num} and cl_end  <  sysdate]]>
	</update>
	<update id="contstarUpdate" parameterType="dostarvo">
		update content set CT_STAR=((CT_STAR * ct_starnum)+#{ct_star})/(ct_starnum+1), ct_starnum=ct_starnum+1 where ct_num = #{ct_num}
	</update>
	<select id="getp_token" parameterType="String" resultType="String">
		select p_token from parent where p_id=#{p_id}
	</select>
</mapper>