<?xml version="1.0" encoding="UTF-8"?>
<!DOCTYPE mapper
    PUBLIC "-//mybatis.org//DTD Mapper 3.0//EN"
    "http://mybatis.org/dtd/mybatis-3-mapper.dtd">
<mapper namespace="reply">
	<select id="list" resultType="replyvo" parameterType="int">
		select ic.IC_NUM, ic.IB_NUm, ic.IC_COMM, ic.IC_DATE, ic.P_NUM, p.P_NICKNAME
		from icomm ic, parent p where ib_num = #{ib_num} and ic.p_num=p.p_num
	</select>
	<!-- 게시글 등록 -->
	<insert id="insert" parameterType="replyvo">
		insert into icomm(ic_num,
		ib_num, ic_date, ic_comm, p_num)
		values(icomm_seq.nextVal,#{ib_num},
		sysdate, #{ic_comm},#{p_num})
	</insert>
	<update id="update" parameterType="replyvo">
		update icomm set
		ic_comm=#{ic_comm}, ic_date=now()
		where ic_num=#{ic_num}
	</update>
	<delete id="delete" parameterType="replyvo">
		delete from icomm where
		ic_num=#{ic_num}
	</delete>
	<select id="pnum" parameterType="String" resultType="int">
		select p_num
		from parent where p_nickname=#{p_nickname}
	</select>
</mapper> 
