<?xml version="1.0" encoding="UTF-8"?>
<!DOCTYPE tiles-definitions PUBLIC
       "-//Apache Software Foundation//DTD Tiles Configuration 3.0//EN"
       "http://tiles.apache.org/dtds/tiles-config_3_0.dtd">
<!-- 핵심 타일즈 설정! -->
 
<tiles-definitions>
	<!-- **** value="~~~.jsp" 페이지가 template의 name위치에 붙는다 -->
	<definition name="defaultTemplate" template="/WEB-INF/template/default/template.jsp">
<!-- 	name=""라는 이름으로 호출되면 put-attribute name=""부분의 jsp파일을 {*.jsp파일에 넣겠다?  -->
		<put-attribute name="header"
			value="/WEB-INF/template/default/header.jsp" />
		<put-attribute name="menu" value="/WEB-INF/template/default/menu.jsp" />
		<put-attribute name="footer" 
			value="/WEB-INF/template/default/footer.jsp" />
<!-- 			name = 설정 Id, 태크의 이름 지정, 클라이언트가 호출 할 이름  -->
<!-- view를 만들 템플릿 jsp파일 -->
<!-- extends 상속받을 다른 definition -->   
	</definition>  
	<definition name="*" extends="defaultTemplate">
		<put-attribute name="body" value="/WEB-INF/jsp/{1}.jsp" />          
		<put-attribute name="title" value="MyTitle" />
	</definition> 

</tiles-definitions>  